event_id,break_lat,break_lon,dest_lat,dest_lon,cargo_weight,cargo_type,assigned_truck
E0,18.181955978117166,73.97426798081113,19.89342603748654,72.22505527229406,15,normal,T0
E1,19.078981299885225,73.76405807765502,19.116330342941346,73.95230829263977,3,normal,T6
E2,19.014495340223576,72.16720559299765,19.21487799910963,73.33629786366181,17,refrigerated,T5
E3,19.218592798480113,73.08229832396648,19.281455885266176,72.16532771240858,8,refrigerated,T3
E4,18.712690382318016,72.7262571136077,19.38022892751685,73.34754564329836,5,refrigerated,T5
E5,18.469944854605686,72.72664475994209,19.022701003748622,73.62021414585534,18,normal,T2
E6,18.05628653438263,73.64513523666685,18.86030875195138,73.03799460866661,9,refrigerated,T1
E7,18.086966952506394,72.40881050783274,19.214576752522785,73.50659141764002,9,normal,T4
E8,18.155961985824934,72.54757393951485,18.86696483606916,72.99659947073725,3,refrigerated,T5
E9,18.736611116063496,72.67931925180399,18.911261580530738,73.39389553604644,17,normal,T2
E10,19.911783754654653,72.33512600458752,19.848499485088237,72.72838555547447,8,normal,T2
E11,19.824083784325623,72.01334850412158,18.536508096984818,73.5413455188479,12,normal,T2
E12,18.483173456712752,72.01725970955799,18.080045882576044,73.2381541895279,13,normal,T2
E13,18.047819136493015,72.64491285207816,19.57480427128952,73.6639085602677,5,normal,T4
E14,19.56834995042141,73.00440350886268,18.979495191976493,72.7074736544889,16,normal,T2
E15,18.897594098617454,73.23376777579143,18.091992680405156,72.66000230526781,18,refrigerated,T1
E16,19.409391578914327,72.42813901206863,18.570041261926004,72.50988319558677,2,normal,T2
E17,18.26346362468631,73.77287404635297,18.84064570275513,72.48246218562527,15,refrigerated,T1
E18,19.958955095094264,73.11986356333202,19.249477337580927,73.83986821675916,10,normal,T7
E19,18.83531161295139,73.17687088389505,19.801923146914397,73.57846562860894,20,refrigerated,T1
E20,19.96002469015822,73.27612687253706,18.770078771759977,72.32184767748582,6,normal,T7
E21,19.5954625612189,73.79495318342732,19.82102050506283,73.0698676288153,14,normal,T7
E22,19.420567458170193,72.37787622678448,18.54139403900539,73.58594986333121,19,refrigerated,T5
E23,19.244216853546117,72.24944089668861,19.068509826049247,73.40123788534287,14,normal,T2
E24,18.143464288218055,72.71151786034693,18.164710725624573,72.66493617209507,4,refrigerated,T5
E25,18.621190886136464,72.35942592858713,19.3568267473488,73.27427425883273,15,refrigerated,T5
E26,18.351594329323476,72.41831413638327,19.245983443315165,72.9707413342501,3,refrigerated,T5
E27,18.913910601114402,73.76857322942391,18.19375133430654,72.4486684204299,13,refrigerated,T1
E28,18.55938590837695,72.40267090035194,18.864908997655718,72.44075933868291,6,refrigerated,T5
E29,18.324692316363862,72.92926028950295,19.213060624910746,73.68575465241105,9,refrigerated,T3
E30,18.919263940832604,73.70963971390186,19.663340013806227,72.45500979434756,19,refrigerated,T1
E31,19.042819152375888,72.87983333562723,18.104495673960976,72.21263349881592,20,refrigerated,T5
E32,18.700458508163464,73.46451060499265,18.644529190288,72.99980036758926,13,refrigerated,T1
E33,18.34071226620543,72.95414097943417,19.601792403225605,72.26898837464825,17,normal,T2
E34,18.858179327899336,72.72957100399779,18.817038684131713,73.25496418176279,11,refrigerated,T5
E35,19.625851569668917,73.5788467809144,19.214412023439515,72.29638906010746,10,normal,T7
E36,19.685374552878915,73.21700563722979,19.56867041257648,72.82484660184139,10,refrigerated,T5
E37,18.813804950843394,72.75937890250165,18.769300459919716,72.79910319767468,7,normal,T4
E38,19.577561336831593,73.67149374268462,18.219306379125126,72.53582047704981,3,refrigerated,T3
E39,19.960588942984472,73.83007191576802,19.54161469842905,73.71790747143746,11,normal,T7
E40,19.498006669876112,73.71908572352814,19.111219515031788,72.08513999004596,7,normal,T6
E41,18.326517420960684,73.43165868235596,18.593175112113116,72.38010592731138,7,refrigerated,T1
E42,19.092329410644926,72.04344339082932,19.821605818008315,72.72924920447161,17,normal,T2
E43,18.89690467861493,73.0551407338114,19.302992286184725,73.60141625095541,18,refrigerated,T5
E44,19.271098513803103,72.93458195561018,19.268132505422393,72.77695823986593,15,normal,T2
E45,19.430024323536923,72.55701653689944,19.849724786803943,72.98309191699497,13,normal,T2
E46,19.91265555982716,73.36490285092863,18.85366737170172,72.81172987763048,13,normal,T7
E47,19.678099124384833,72.25861996931457,18.12477209019216,72.21628627811464,4,normal,T2
E48,19.673796266442583,73.86606979741937,18.061973096626613,73.37320513554278,20,normal,T7
E49,19.186372760354562,73.17414300033676,19.60676056855103,73.25843508849428,16,refrigerated,T5
E50,18.847096721081222,73.08618643627221,18.63185904622234,72.4834419249111,4,refrigerated,T3
E51,19.905493662636417,73.97345412964914,19.53045436271374,73.86681435983749,13,normal,T7
E52,18.59635307077254,73.84701276549066,19.200238602410245,73.33820501383879,2,normal,T0
E53,18.45706317012341,72.96484378629815,19.461996813715977,73.6516067893107,12,refrigerated,T5
E54,19.18806852968971,73.53049689326218,19.763571575128534,73.62256831653407,12,normal,T0
E55,19.778847480184382,73.27104706370719,19.23910312893489,72.12868942663835,12,refrigerated,T5
E56,18.533037269300202,73.12882474253827,19.676953994347613,73.33245129812212,16,refrigerated,T1
E57,18.50426003848633,72.83695563660288,18.204671250570694,73.47410553078196,17,normal,T2
E58,18.725349494041016,72.31204713278792,19.242107399958087,72.55246979562035,12,refrigerated,T5
E59,18.748671194238135,73.81357754763307,19.832314987932982,73.88702941689597,16,normal,T0
E60,18.346021408210476,72.79952061011409,18.409919886892297,72.64467209012113,13,refrigerated,T5
E61,19.716746940284096,72.28370494092805,18.672618543094107,73.98345824565813,14,normal,T2
E62,19.031474356779416,73.29508409704854,18.147341919466154,73.34313153513502,5,refrigerated,T3
E63,18.3273637415435,72.97098928674384,18.181336934473055,72.62169793503877,16,normal,T0
E64,18.565285877394352,73.68233875465116,18.466427239592488,72.39249943604989,5,normal,T0
E65,19.179496201620164,72.95768688236929,19.918138851376064,72.91689498919928,17,refrigerated,T5
E66,18.88272239961261,72.77744870423385,18.546016167329544,73.80600612985337,8,normal,T4
E67,19.180479310840536,73.56878545472769,18.96989735218232,73.31846114490013,12,refrigerated,T1
E68,18.797980983653236,72.27340218461539,18.148630095874328,73.33944625839408,11,refrigerated,T5
E69,19.343969106185444,72.57977899763654,18.96157022046307,73.37998305017766,18,refrigerated,T5
E70,19.15432534090074,72.35854854075818,18.845281532612695,73.66195304768983,6,normal,T4
E71,18.906058983756107,73.0623043523327,18.491312237955604,72.42158006313193,19,refrigerated,T5
E72,19.02431737617072,72.6149336934276,18.186298622682393,72.3851207367496,9,refrigerated,T5
E73,19.72072691513281,73.81929834569094,19.863593816114765,73.05676899582694,13,normal,T7
E74,18.25170557067733,72.41474906750521,19.68800699042767,72.21661935435822,9,refrigerated,T5
E75,18.068565242495076,73.09264635900465,18.887148784228913,72.97897548403392,18,normal,T2
E76,19.92853408810152,73.13618887721388,19.693256954015446,72.11567620092566,11,normal,T7
E77,19.9821476413913,72.7681497090934,19.68311338722917,72.16996476169973,19,refrigerated,T5
E78,19.12336322350218,73.68461795108715,19.792672645414186,73.0993630051558,19,normal,T7
E79,19.694118179445827,72.74509053550666,19.80078672083199,72.04870448016298,4,refrigerated,T5
E80,19.980833535069745,72.43973464220167,18.814749572871317,73.59923075907199,14,normal,T2
E81,19.554073477978093,73.35451665587638,19.738334257700544,73.30035182777034,13,refrigerated,T5
E82,18.69324943545549,73.30838297491252,19.65030758146223,72.22962801122114,6,normal,T0
E83,19.205642955755092,72.26821225563552,19.93238472198682,73.06550461303641,7,refrigerated,T5
E84,19.955805405752127,72.44672962773163,18.805098370008242,73.32155189133532,11,refrigerated,T5
E85,19.138623557324703,73.40221789965298,19.5030924404828,73.64791620152738,2,refrigerated,T3
E86,18.86479539804967,73.52754040708672,18.412189188143895,73.908931047033,13,refrigerated,T1
E87,18.585151688665324,73.22606451049536,18.74381539843816,72.71127814539155,3,refrigerated,T3
E88,19.077589033126316,73.05959584745744,19.974517830532598,73.80952018513703,11,refrigerated,T5
E89,18.278629570260694,73.6776776769398,19.836292390794128,72.47846418517643,19,normal,T2
E90,19.768829109097553,72.17478501736645,19.91714017191423,73.21925096475206,15,refrigerated,T5
E91,19.996837858372697,73.55853726036892,18.874512228652673,73.82288250884122,12,refrigerated,T1
E92,18.1029956434876,73.91880218665933,19.76237626843423,73.32056967452317,17,normal,T2
E93,19.720578807880276,73.24213479559796,19.65227356693066,73.33755316554146,17,normal,T7
E94,19.028716373479465,73.3470365241872,18.935802646485822,73.55237383231375,12,normal,T0
E95,19.691289587612232,73.35585665903655,19.180720250047788,72.33734942272497,17,refrigerated,T5
E96,19.97153459719268,72.22931523921592,19.30005567388722,72.42664055788238,10,normal,T2
E97,18.656048319782354,73.97576787953469,19.368203616898167,73.03324689106039,15,refrigerated,T1
E98,19.81632836461653,72.33778373841739,19.690730555558364,73.14166739061602,7,normal,T2
E99,18.168297164760535,73.40269685040383,19.446549331013983,73.25224215667069,7,normal,T0
E100,18.466300330636688,73.46088987368069,18.969497602305825,73.77936341076871,7,normal,T0
E101,19.71504488495569,72.92072194231723,19.98884865184826,73.1239871316598,9,normal,T2
E102,19.857148006227177,73.93979407095172,19.58647703989096,73.9415857962708,10,normal,T7
E103,19.049239067132085,73.2616115996348,18.500299812541247,72.78575085346384,19,refrigerated,T1
E104,19.831621601399405,73.08985401508734,19.148432175362707,72.05922800938056,3,refrigerated,T3
E105,19.663059450990552,72.25191713816223,18.400111505839725,72.87016662610058,19,normal,T2
E106,19.344401300884247,73.34464786808593,18.037080884103492,72.2444442321992,19,normal,T2
E107,18.80622278599378,73.11641764950183,18.17790979800967,73.3022648680429,19,normal,T2
E108,19.02117362880243,73.58625205301307,18.138135206609675,72.32687307768956,14,normal,T0
E109,19.684464966271495,73.95549540162264,18.021346258386032,72.21486413597874,2,refrigerated,T3
E110,19.519501252311084,72.7420672962536,18.609243820923318,72.71601356743089,20,normal,T2
E111,18.877271154448746,73.59438071761278,18.193273006061535,73.40215172523348,15,refrigerated,T1
E112,19.89912110984437,73.82789701762452,19.997192458938773,72.21172506105486,10,normal,T7
E113,19.39223233350817,73.7708918144976,18.513503250147135,73.53654970942486,17,refrigerated,T1
E114,18.00805291711719,72.17015766203689,18.014555739733023,72.45710729715498,17,refrigerated,T5
E115,19.770447309258813,73.53053155026596,18.773281077920437,72.13466952879148,7,refrigerated,T3
E116,18.336261431688,73.97940820075026,19.69090267757057,72.89809467363811,19,refrigerated,T1
E117,19.925045173281504,72.47227007220745,18.00476202180267,72.39210628442929,17,refrigerated,T5
E118,19.12143826950912,73.51325971951513,19.955379697291647,73.84352541171634,4,refrigerated,T3
E119,18.26184573887211,73.24625628186895,19.97800030382404,72.01178013262755,16,refrigerated,T1
E120,18.71093732231567,72.61994755771921,18.687355354735903,72.21603122855134,15,normal,T2
E121,18.532590690180157,72.11932157597178,18.269710782268803,73.85599001915749,2,normal,T4
E122,18.57974200112859,72.10270377969977,19.59101999826005,73.30254406814228,6,normal,T4
E123,19.58347887350609,73.07072038734562,18.175786068554842,72.42071721214387,15,normal,T2
E124,18.18171797462469,72.16195160034606,19.500821375246208,72.70438489078595,17,normal,T2
E125,18.27409558932512,72.3563737976563,18.994540770908586,72.8547939971233,7,normal,T4
E126,18.610021702123042,73.51007329096504,19.835864157408533,72.05643778254912,3,normal,T0
E127,19.027306075904065,72.48144071948245,18.632914926192058,72.02583645211806,11,normal,T4
E128,19.092763206687753,73.2550046803778,19.727385909443136,72.65641198843349,5,normal,T0
E129,18.973135679707617,73.6917020630196,18.200074374448157,73.77671241849735,17,refrigerated,T1
E130,19.556375903191487,73.16002737447164,19.29658245338035,72.96359283474015,15,normal,T2
E131,19.094981260241795,72.81006148654414,19.2563867300233,73.17317318927523,16,refrigerated,T5
E132,18.34272752285114,73.94677316000598,19.62162402989776,72.5615628440085,4,normal,T0
E133,18.293197241799675,72.36537602287828,19.239596024484747,72.34098280210867,19,refrigerated,T5
E134,19.74379740988493,73.9722817331129,19.393495252897978,73.32598701770394,7,normal,T7
E135,19.82026622716491,73.78498541332739,19.809722065704257,73.1000695153551,12,normal,T7
E136,19.84901013132538,73.96783846878573,18.042575388302716,73.85538996069553,5,normal,T7
E137,19.577599668619538,72.51296426295721,19.430623388453725,73.12593670612613,16,refrigerated,T5
E138,19.25382475461975,72.91314329853088,19.314565912875196,73.39020105636152,2,normal,T2
E139,19.27841877433304,73.40987391058984,19.733174057569645,73.07199387997532,19,normal,T2
E140,18.289940964648178,72.39160015482743,19.79099449391498,72.12439473012759,5,refrigerated,T5
E141,18.768183729611962,73.24468336915282,18.05966384132332,72.89399605758273,14,normal,T0
E142,18.351717223966645,72.11926183401806,19.89640612004797,72.20886549755075,19,refrigerated,T5
E143,18.755462014046373,72.375778491587,18.783928710340895,72.64010905093917,5,normal,T4
E144,18.415447499242543,72.97724711302935,18.909502072261052,73.55561391970271,8,normal,T4
E145,19.2526831047869,73.08132852702316,18.18330789766524,73.14815524439298,15,refrigerated,T5
E146,18.741691457064626,73.009628748646,19.198461515176533,73.1004639192899,15,normal,T0
E147,19.357619020663225,72.28937261202859,19.621896452968656,72.89491452454052,12,refrigerated,T5
E148,18.00187281079704,72.47961361243283,19.00326088696856,73.23162176630723,6,normal,T4
E149,18.07453802184197,72.81097322487194,18.0549818503041,73.86318450640299,10,refrigerated,T5
E150,18.461259024572048,72.08712868407639,19.236713259834907,73.66803470090477,16,refrigerated,T5
E151,18.086951400168914,72.69217589645766,19.26712031296044,72.02058990560714,10,refrigerated,T5
E152,18.356539311032,73.63074760869411,18.748168840921185,73.12650882593036,3,normal,T0
E153,19.67023358426578,72.72427545956316,19.53618107507958,73.83248761888939,9,refrigerated,T5
E154,19.72093192880243,73.41584348200765,18.628510685520627,72.44312648917426,17,normal,T7
E155,19.857148406391705,73.55096026354315,19.64852257520987,73.25547869082148,6,normal,T7
E156,19.382934045076,72.45697747270181,19.5823199330063,73.49210815344402,20,refrigerated,T5
E157,18.24530244338314,73.70361043413413,18.22118225239623,73.16016719985447,5,refrigerated,T1
E158,18.874438129075713,73.10466415697174,18.282797748538215,72.49094550793716,15,normal,T0
E159,19.792089550952262,73.43207179656667,18.34755524523074,73.35954633632849,19,normal,T7
E160,18.529805575417345,72.57904417663815,19.731542415311317,72.51339752219198,6,refrigerated,T5
E161,18.29646824111269,73.76439638234318,19.64559953699292,72.39613864598317,9,normal,T0
E162,19.213028291187392,72.64851664022386,18.022129290950232,73.74560099468346,18,normal,T2
E163,18.919061339761853,73.99788459812888,18.348327418761635,72.94682073211379,5,refrigerated,T1
E164,19.08570055394041,72.27639908815695,19.009183130072486,73.4451722013758,14,refrigerated,T5
E165,18.97503759825358,72.73619086034088,18.733592934337512,73.41865885717125,13,normal,T2
E166,18.928614391999318,72.3487308260049,19.293703292025338,72.89213255088116,13,normal,T2
E167,18.834658468489728,73.08510921571963,19.90517946133734,73.60502001883776,6,refrigerated,T3
E168,19.56966096297242,73.01541019340343,18.86374442605984,72.27972996083678,11,refrigerated,T5
E169,19.0164950848683,72.01470688114642,19.91134427822406,73.6357525968296,15,refrigerated,T5
E170,18.512147199191052,72.20667189676408,19.678770105422696,72.75521502611971,10,refrigerated,T5
E171,18.709416309175367,73.4023910197607,19.035481245911253,73.17852733429187,12,normal,T0
E172,18.319674021692954,73.72140675962105,18.85978951271651,73.08407999623189,18,normal,T2
E173,18.938699670075966,73.73602112269046,19.14130904731828,72.76778267659898,9,normal,T0
E174,19.45760836539344,72.93058893532046,19.459634019841744,73.86076946364321,15,refrigerated,T5
E175,19.148038561257756,73.56530464563107,19.90967886914949,72.2425521605815,14,refrigerated,T1
E176,18.683490986015975,72.06308403489768,19.791873704004313,72.41363151490542,2,refrigerated,T5
E177,18.178188743665498,73.03056818104966,19.365562978805677,73.81135918962354,5,normal,T4
E178,19.860033176592456,73.74293563686453,19.61431874672835,73.80023998844318,10,normal,T7
E179,18.545732378810325,73.5751193613468,19.64082658924917,72.72168535842765,8,normal,T0
E180,18.678154344770814,73.01623536493398,18.631681681350024,73.32337459628424,2,refrigerated,T3
E181,19.557898963263128,72.83189337636195,18.985691100653646,73.19629511921465,15,refrigerated,T5
E182,18.765770646204455,73.96065956399974,19.050446546665004,73.62127225912623,13,refrigerated,T1
E183,19.01057059956149,72.81766980868758,19.363664625556478,72.26123151045469,13,refrigerated,T5
E184,19.249472169465687,73.29945969321925,19.02358944104577,72.26071748971648,2,refrigerated,T3
E185,19.118337515232053,72.11674333007565,19.052745763951776,72.44695864778551,10,normal,T4
E186,18.028080706708277,72.10005527392174,19.051449739626925,72.13824962277879,10,refrigerated,T5
E187,18.04333567735478,72.82549360939808,19.42758920296694,73.16221999511357,10,normal,T4
E188,19.659283973399216,72.43997320907872,19.442417809357806,73.05474802053773,18,normal,T2
E189,19.003508040584823,72.8461852127829,19.11282401630381,72.33611130626477,12,refrigerated,T5
E190,18.10278249530112,73.552406159645,19.525868741175294,73.77860918637134,3,refrigerated,T1
E191,19.068203788667624,72.59178716869197,18.223587230003282,72.7136417711236,5,refrigerated,T5
E192,18.620437023489853,72.52028333755563,19.43492740222561,72.10322215098348,9,refrigerated,T5
E193,19.10187808122664,72.83878238630481,18.802257356585425,73.29303622656818,13,normal,T2
E194,18.509002463210432,73.11335965282001,18.988873423757987,73.73282841899052,4,normal,T4
E195,18.686141602227032,73.67085840804852,19.58755269702557,72.12788041684964,16,normal,T0
E196,19.958931424484575,72.63620036309091,19.488241153857654,72.66179012615446,4,normal,T2
E197,18.949144944432287,72.31782045143204,19.969713298271806,72.68710503692088,14,refrigerated,T5
E198,18.345043650779093,72.04824573649714,18.340617997633156,73.21267465826186,5,normal,T4
E199,18.14697312356463,72.76403502660663,18.107133002470366,72.61446266552274,16,normal,T0
E200,19.86392447040614,72.22435397298177,18.90726031906504,72.5208520502477,3,normal,T2
E201,19.62243006069456,72.18912964636066,19.941443699599425,73.11112020281536,10,refrigerated,T5
E202,19.37359711411966,72.2919758052391,18.387343491175812,73.81832783449022,9,normal,T2
E203,18.721324504195167,72.83340633978479,19.055271756468763,72.20314377601893,5,normal,T4
E204,18.99200750860887,73.02802111920056,18.5053286189363,72.64774754524245,17,refrigerated,T5
E205,19.696827564129478,73.03328207100363,19.66491140820218,72.47649645959507,4,normal,T2
E206,19.84850225641209,72.37376917709686,19.092244763987363,72.69192547114184,15,normal,T2
E207,18.776819067142313,73.17872878323737,18.06733983004998,72.72812548074835,8,refrigerated,T3
E208,19.829114947785982,73.63579652299607,18.273913087542766,73.1413807791483,16,normal,T7
E209,19.25875198220832,73.38869062062767,18.357102881322863,73.89568330820988,11,normal,T0
E210,18.219841196631318,72.21816266395764,19.617344721599594,73.41457595369039,17,normal,T2
E211,18.701276640402973,73.67423638855637,19.030083224436922,73.65026444475909,12,refrigerated,T1
E212,18.589002841950784,72.57407390837092,19.144605263363385,73.27946459683388,8,normal,T4
E213,19.98244221748367,73.87950321779203,18.870871667679978,72.22031133094502,20,refrigerated,T1
E214,19.575869377547527,73.88144231110384,19.896812506191498,73.15671826833353,7,refrigerated,T3
E215,18.908920711186994,73.7084173281494,18.95742352521575,72.03011525145341,2,normal,T0
E216,18.100486675419123,73.90605559012612,18.406434510652794,73.55269101039532,14,refrigerated,T1
E217,18.33152492731516,72.60616406067764,18.155726457363812,73.13518626630874,11,normal,T4
E218,18.0021243885254,72.31721419244194,19.992163290111463,73.09297067785094,18,normal,T2
E219,19.550883871116525,72.99363399783336,18.779291261886573,72.28362729059451,4,refrigerated,T3
E220,18.561517663489276,72.36499867508991,18.34539102030705,72.66268140223487,9,normal,T4
E221,19.929273706378982,73.72379022605978,18.98671345610699,72.72481326980174,3,refrigerated,T3
E222,19.400953126896656,73.87544735963529,19.052138099198867,72.51092783509887,5,normal,T6
E223,19.93067654050322,73.53967956844737,18.32761615217512,72.2389488972985,19,normal,T7
E224,18.48584599046155,72.25340696698197,18.097177193863306,72.92278413766063,16,normal,T2
E225,18.757914270651266,72.22370216527005,19.373846231825752,72.28789126870844,13,refrigerated,T5
E226,18.40860025618226,73.29354094073084,19.677075662238497,72.35113503567042,13,refrigerated,T1
E227,19.61883418645275,73.91442279757686,19.53260090935017,72.3040635103617,2,normal,T7
E228,18.456657520580215,73.63134683305006,18.310612881880285,73.91311371740633,4,refrigerated,T1
E229,19.24309897141346,73.27309627911724,19.090630406841342,73.81988633731149,18,normal,T2
E230,18.648603616844486,73.5038316220288,19.445686943876737,73.47752573331066,4,refrigerated,T1
E231,19.999991836096036,72.18372474473482,18.52216497459264,72.68797405758,5,refrigerated,T5
E232,18.32859076726506,73.41003029482242,19.649165311644968,73.30588286576909,11,refrigerated,T1
E233,18.30446171806709,72.5476639733816,19.661527218866613,73.04917959968411,15,refrigerated,T5
E234,19.617572716177303,72.3587476169026,19.213577044626188,72.0008783177275,8,normal,T2
E235,18.523031452742572,72.80965293467203,19.812442485716407,73.052423989424,10,normal,T4
E236,18.35195817087232,73.16343973641312,19.09169891930751,73.29996208741298,20,refrigerated,T1
E237,18.1682018659616,73.88687136109856,19.794473620200453,73.52951048414126,18,refrigerated,T1
E238,18.736884225271403,72.66369823787292,19.71015989130859,73.69949113786882,10,refrigerated,T5
E239,18.77889102867135,73.79195049833226,18.424686878815372,72.85513819261817,11,refrigerated,T1
E240,19.179000774462512,72.47514305876018,18.745502543620542,73.39102440364847,17,normal,T2
E241,18.782893792568956,72.35560551391005,19.330527541345543,72.26259618671249,6,normal,T4
E242,19.159851096901377,72.0184352943625,18.06361429054891,73.23934863218786,2,refrigerated,T5
E243,19.76694186557378,73.95293922528106,18.136177455649808,72.27947859772095,11,refrigerated,T1
E244,18.308509693901613,73.95875779289655,19.84475892609679,73.98264201138102,11,normal,T0
E245,18.50250587166855,72.33995009533875,18.06523599384888,72.76807269014301,17,normal,T2
E246,18.806007825866768,72.95060038350292,19.24009372721374,72.02016485980194,13,normal,T0
E247,18.599635029815172,72.30794932010268,19.18049356704708,72.65655876803336,3,normal,T4
E248,19.828905173089694,72.70136373954803,18.64792549331979,72.97715547552171,7,normal,T2
E249,18.549171551129476,72.4414900902804,18.51203140119194,72.59932301524809,8,refrigerated,T5
E250,19.022668529762015,73.43898386412894,18.504347597679278,72.50016760421907,7,normal,T0
E251,19.717996698581434,72.92787757170318,18.680428892132777,73.52680667025105,10,refrigerated,T5
E252,19.37165174715434,73.9364142299073,19.149146888427634,72.10045233997457,13,refrigerated,T1
E253,18.511440910779395,73.1065281657573,18.852166905599482,72.43817526667706,18,refrigerated,T1
E254,18.97010617012264,73.08414873840492,19.41144917042822,72.21611570741547,18,normal,T2
E255,19.336352719201233,72.98937930284315,18.317827328241744,72.41251672846748,18,refrigerated,T5
E256,18.52943887316769,73.11713234594356,19.379587741036953,72.02826166462013,9,normal,T0
E257,18.97310920206512,72.6459229341196,19.013296460532658,72.53696026918585,16,normal,T2
E258,18.664235206374766,72.44236802165953,18.12706033435411,72.1354749888447,20,refrigerated,T5
E259,18.73905918549683,72.4414703796663,19.725663023659457,72.46054051417353,14,normal,T2
E260,18.4931077413781,73.6651009797931,18.813201076503105,73.5477299978595,19,refrigerated,T1
E261,19.47109037248816,73.8831196834152,18.219664244417487,72.27395991034146,9,normal,T7
E262,18.37974371607461,73.16828017851255,19.895777785496332,73.48794180069665,7,normal,T4
E263,18.74463648584255,73.12234581576855,19.61011647623466,72.47576409199652,19,normal,T2
E264,19.49033157742462,73.37723981575364,18.51211451693717,72.1983090349778,13,normal,T7
E265,18.38696025209903,73.12245522321993,19.05225041929035,72.0940269469401,8,normal,T4
E266,18.410538602959075,72.08956617054069,19.732487038246372,73.54348907113341,13,refrigerated,T5
E267,19.686978187101598,72.11510575852654,19.056964130145616,73.5151407382738,17,refrigerated,T5
E268,19.632843668024403,73.09761985706778,18.520722009002743,73.56761295004684,19,normal,T2
E269,18.03797210220731,73.2255849453663,19.427297892598524,72.82763757300056,15,normal,T0
E270,18.865581554519213,73.61138866185523,19.161914414696,73.063010213786,16,refrigerated,T1
E271,19.854801729816923,72.56334786992541,19.112918663513373,73.07137028286375,10,normal,T2
E272,18.205250588044503,73.21022085624969,19.065902042115397,72.0427706065614,5,normal,T4
E273,19.2829130164315,73.09371020738719,19.292453605512787,73.31207405616367,13,normal,T2
E274,19.550742401642644,73.76972174552459,18.476915294678047,72.520367635192,14,normal,T7
E275,18.229794085852948,73.0080302409092,18.47695652374336,73.26689454328829,14,normal,T0
E276,18.322927158171087,73.50265005357409,19.78266338937672,72.30496541307836,8,normal,T0
E277,18.99968325217747,72.3266949741571,19.923818918183333,72.87249605164682,4,normal,T4
E278,18.002617422011102,72.0416571833313,18.284501233819054,72.17480310617974,11,refrigerated,T5
E279,18.39205443188157,72.28896056051605,18.968448512170653,73.96907476156596,17,normal,T2
E280,19.35606984101679,72.8324060079893,19.62952967223967,72.49541062299953,5,normal,T2
E281,19.714820047204178,72.1395865657264,18.615360442606246,72.85442374755864,5,refrigerated,T5
E282,19.600451562733884,73.00379172029518,19.901869969396298,72.66835887212282,6,normal,T2
E283,18.801194231987242,72.64212270831814,19.923740682651292,72.56554002983204,18,refrigerated,T5
E284,18.656726853414007,73.49898430481409,18.21184524718488,73.10650279483917,19,refrigerated,T1
E285,18.71593171153579,72.04098600632035,19.913362960291217,72.93527887947286,12,normal,T2
E286,19.765502421823722,73.81193521219323,18.879347634274584,73.48438392908334,18,normal,T7
E287,18.266565550590826,73.40524554209419,18.407632958918178,72.64837164506848,17,normal,T2
E288,18.609670101348048,73.96920157549238,18.753324403268024,72.20489129195327,7,refrigerated,T1
E289,18.835844458583978,72.14460600782027,18.413472887555027,72.54802692412855,11,refrigerated,T5
E290,19.931166700760016,72.65952090053942,18.34305180536275,72.460273798312,9,refrigerated,T5
E291,18.535589558321686,73.35861794689265,19.197655921655127,73.33258014060915,7,normal,T0
E292,18.20614244294773,72.21073953399141,19.20386869630321,73.80529814526929,8,refrigerated,T5
E293,19.337630890427953,73.84766024741768,19.94189505622179,73.67433378110927,6,refrigerated,T3
E294,19.42255160881763,73.00709287146483,18.185397691511405,72.77787045971773,8,normal,T2
E295,19.526321042882323,72.07140612578199,18.463451983071955,73.84139945180334,7,refrigerated,T5
E296,19.3308251800243,72.91627073715092,19.73530034692634,73.93302052631203,18,refrigerated,T5
E297,19.706605458843622,73.3022751062189,19.466549447513522,73.16292329783445,13,normal,T7
E298,19.142061020657792,72.02250463526929,19.118347779170332,72.26103949043457,3,refrigerated,T5
E299,19.75625997142802,73.50993956878885,18.804392137730723,73.87044571190665,9,normal,T7
E300,18.09867167008586,72.11438372228146,18.97668939047756,72.51522803275104,5,refrigerated,T5
E301,18.20590515186686,73.31672293118632,19.320570256150607,72.27685894384038,17,refrigerated,T1
E302,19.08740746265864,72.72024551580417,18.780732502696125,72.4598932401728,17,refrigerated,T5
E303,18.28285596388713,72.55734150314181,18.759247822380352,72.55877715450964,7,normal,T4
E304,19.100635187210667,73.42805722350697,18.00773876156725,73.3757137072551,8,normal,T0
E305,18.9987902414788,73.61805650609305,18.586434009710803,73.68111868692444,4,normal,T0
E306,18.6127502315473,72.00372373822009,18.310637671900913,73.38651019085533,4,normal,T4
E307,18.021384054495684,72.19179048587758,19.950713847200433,72.18236281073979,11,refrigerated,T5
E308,19.897956447380963,72.05780717426697,18.668071585786517,72.33285531475919,6,normal,T2
E309,18.40158489210547,72.47775624506785,19.313624337742826,73.44112536168744,7,refrigerated,T5
E310,18.734222755320154,72.41081981761728,19.578448881093074,72.45614005905185,15,normal,T2
E311,18.52571714829524,72.94926477361255,19.517582034983537,72.25073845563207,8,refrigerated,T3
E312,19.161791747412465,73.72826444454512,18.98020531342693,72.18379433750333,5,normal,T6
E313,18.185107397691844,73.20427008369109,19.139978694487993,73.27557295440941,3,refrigerated,T3
E314,18.513713160109628,72.13168976340988,19.181010950562236,73.76985651516456,19,refrigerated,T5
E315,19.064814296099588,72.41640163358952,19.175932298824407,72.30390239841923,10,normal,T4
E316,19.68225893825951,72.51069239092826,19.303943406680894,73.55594250327533,7,normal,T2
E317,19.591882803708057,73.76551909057025,18.636759585828283,73.54410416244332,3,normal,T7
E318,19.599512344802697,73.53844769893851,19.649835513975404,73.84971914417882,14,normal,T7
E319,18.058532588636567,72.64415674987538,18.665986459028797,73.5554470780127,3,refrigerated,T5
E320,19.45687905334816,72.84286473401559,18.204684509124178,72.75249197351854,10,normal,T2
E321,19.34237153997747,72.51677027352937,18.488567267459988,73.62338559293119,14,normal,T2
E322,18.43973848782798,72.7744456406737,18.6708205677179,73.40715628124967,11,refrigerated,T5
E323,18.674457695413164,72.12763844926262,19.673684290022184,72.58133525609261,11,normal,T4
E324,19.360091533533307,73.99480062863003,19.06711153171602,73.02726531793554,9,normal,T7
E325,18.1314329314306,72.71325510576858,18.424555033094258,73.08329835546871,6,refrigerated,T5
E326,19.763826985279607,72.89398270883049,18.880057108359594,73.80152269239724,6,normal,T2
E327,18.39309557892549,73.21826775824952,18.67476601161158,72.53371958760115,15,refrigerated,T1
E328,19.811844495834062,73.21760850978987,19.672295891144643,73.25334684178323,8,normal,T7
E329,18.247443617777048,72.78530605725012,18.14264203583616,73.9997474784952,11,refrigerated,T5
E330,18.641289886037445,73.20664732235093,19.459614805851484,73.43111542344593,20,refrigerated,T1
E331,18.62726350394267,72.73463255299214,19.60656057447746,73.49214461976027,11,normal,T4
E332,18.29178492321036,72.11576374425094,18.716213425611517,72.03974641711193,10,refrigerated,T5
E333,19.10974752279586,73.83450195622429,18.577881928630408,72.59301266627192,5,refrigerated,T1
E334,19.773123677250652,72.919107363577,18.565467067097284,73.54273699457629,20,normal,T2
E335,18.10259022245888,73.31506893543792,18.948301254610705,73.727663642419,9,normal,T0
E336,18.567593329830714,73.37981732658078,19.417916923010267,72.35539979705456,9,refrigerated,T3
E337,19.390848028165216,72.50204062836951,19.036069635149786,72.42338329981922,17,refrigerated,T5
E338,19.29880419255462,73.36225787694772,19.589125182150905,72.45378047386039,9,normal,T0
E339,18.50588715192559,73.36856118240534,19.383021324154956,72.68147220325787,11,normal,T0
E340,19.986829565892336,72.35688952125042,18.04880038312703,72.34987104240834,7,refrigerated,T5
E341,18.40846257507903,72.77699197834858,18.221023687668264,72.82584773860081,4,normal,T4
E342,18.70540182079946,72.71391672774485,19.411210501588783,72.71268337261442,12,refrigerated,T5
E343,18.317381777207924,72.08277495630958,19.1236707609648,72.4550006756554,2,normal,T4
E344,19.51519610607436,72.58113973655287,18.384082941765346,73.53927698598535,7,refrigerated,T5
E345,18.582084251848947,73.89662493141535,19.32946954522245,73.57058070153283,5,normal,T0
E346,18.683068770954897,73.31170897053417,18.836023597380407,72.60301548405504,18,refrigerated,T1
E347,18.108767047474768,72.94187365634542,19.640885425427296,72.8951031136011,10,refrigerated,T5
E348,18.3757794979879,73.55801777694424,19.032833769027846,72.055890824868,8,refrigerated,T1
E349,18.177783193231672,72.90554501183348,18.29062490789769,72.80184630957336,6,refrigerated,T3
E350,19.99695604874682,73.48094747188699,18.08294095927101,73.41892446964958,5,refrigerated,T3
E351,19.51812898000384,72.89810413209365,19.466623217908715,72.75202406636583,10,normal,T2
E352,18.069132785316455,72.55695143246425,19.678208330482022,72.33621399441938,9,normal,T4
E353,19.273355651084263,72.57817561101704,19.70634903585613,73.54361150132868,16,normal,T2
E354,19.502365724525447,72.98788980590031,18.391170578418844,72.29367857617619,3,normal,T2
E355,19.555942079309432,73.56236231800459,19.69724353932315,73.84334530166024,2,refrigerated,T3
E356,18.060547846744512,72.23454510408304,18.656498117519998,73.15511029323004,5,normal,T4
E357,18.272458582174043,73.61499220428027,18.429325980013218,73.9942920021798,9,refrigerated,T1
E358,19.909863808344696,73.29059845647998,19.34644479412428,73.64220053645575,15,refrigerated,T5
E359,18.92014100872563,72.4545116360517,19.950300196065907,72.36745040669622,15,normal,T2
E360,19.331719392719172,73.67916959874377,19.414168170827544,72.6043197490366,18,normal,T7
E361,19.54188851949656,72.43647173183845,19.78842525519949,72.57807000030786,8,refrigerated,T5
E362,18.162863330193257,72.53107899930048,18.94555991349832,73.11245726526042,20,normal,T2
E363,19.479896506038962,73.5699254518432,18.99559403613509,73.48412519584267,19,normal,T7
E364,18.493061219682588,73.98004780542553,18.690757164827097,72.90679378160895,15,refrigerated,T1
E365,18.656755363927086,73.61217158400409,19.789613785699636,72.81676189308996,9,refrigerated,T1
E366,19.200253094276658,73.93422899173738,19.67746585851647,72.31383755840656,12,refrigerated,T1
E367,19.24424394710881,73.82497593128055,18.46283635397712,72.1133314629223,11,refrigerated,T1
E368,19.052511928573203,72.23340204712346,18.13105519369051,73.91307243997878,16,normal,T2
E369,19.94994046949664,73.75399005642565,19.73374556322191,72.53583732029084,15,refrigerated,T1
E370,19.600595002394407,72.24379806707056,19.73233097662113,72.39229946326577,2,normal,T2
E371,18.851385366093382,73.65453812373498,19.981571577080317,72.64314759802423,2,refrigerated,T1
E372,18.467522849620465,73.26558394152046,18.602386579320598,72.13763616154004,4,normal,T0
E373,19.094174479520582,72.22247904956697,18.851353498578447,73.29033322372483,14,normal,T2
E374,18.573572572603656,73.60040859420698,19.449180322975323,72.10556004120069,20,normal,T2
E375,18.323392847898017,72.92743285300891,18.1123883270809,72.87690019679692,12,normal,T0
E376,18.81919055538606,72.81694839462462,19.631403879244964,72.857474129573,15,normal,T2
E377,19.72194192700784,73.49881816976672,19.963622472519756,73.83326000763648,16,refrigerated,T1
E378,18.258434194543415,72.24164740454862,18.295940357613027,73.33256900830978,18,normal,T2
E379,18.978368894425483,72.31779095477988,18.799542374681288,72.54614416976317,3,refrigerated,T5
E380,18.971303507426473,72.40766349111537,18.66905454659028,72.86864889568027,14,normal,T2
E381,19.97313253205663,72.53730234436911,18.858835855274695,72.67216402177688,2,refrigerated,T5
E382,19.42774370920769,73.97097973145476,18.54217196323126,73.45947632864258,20,refrigerated,T1
E383,19.95035705268189,73.01743721961913,19.751731189762204,72.91555508972874,3,normal,T7
E384,19.04342326149791,72.77761126817329,18.12976183627776,72.61048530288186,8,refrigerated,T5
E385,19.803722762993136,73.78429586298712,19.07713702219652,73.81298862114873,14,refrigerated,T1
E386,19.31334612047742,73.36457082588937,19.944490248422646,73.39729156039442,10,refrigerated,T1
E387,18.494931685422554,73.89908611512509,19.063897755160852,73.63050127112687,8,normal,T0
E388,18.330136366909958,72.90154110504541,18.209259554585035,72.43282239721783,5,normal,T4
E389,18.490395917883983,72.19695719891169,19.443931263111764,73.92309340689627,4,refrigerated,T5
E390,18.649096570073365,72.03963738727526,18.970786940338954,73.37372890316264,10,refrigerated,T5
E391,18.583606654783914,72.10471843851904,18.576947427346546,72.14109833534646,3,refrigerated,T5
E392,18.321438588567535,73.32530472540631,19.478451480839965,72.58528686292657,5,refrigerated,T1
E393,19.262760168786244,72.16430042173697,19.298992054001985,72.15083482240956,6,normal,T2
E394,19.426125150495242,72.34920069304101,18.628534500108174,72.65619058057307,7,refrigerated,T5
E395,19.11545972032755,72.45921699482197,19.402471614103938,73.85321368619994,4,normal,T4
E396,18.93568903180946,73.45200322126213,19.3887420117879,72.7946480981777,4,refrigerated,T3
E397,19.361333441887364,73.13261871318198,18.683552779491322,73.62396292949417,18,refrigerated,T5
E398,19.625513946003593,72.8881936797168,19.542292575119205,73.41386741001894,15,refrigerated,T5
E399,19.903423667917654,72.43519829308933,19.03600577130098,73.00985081555957,2,refrigerated,T5
E400,19.705794307098465,73.6097563130786,18.324032178172992,72.04906604191149,14,refrigerated,T1
E401,19.24301868914276,73.3637776782345,18.210789593069997,72.21895841732773,12,refrigerated,T1
E402,19.77247920359664,72.47269381839261,19.916622919854202,73.71337955779127,17,normal,T2
E403,18.16142390050354,73.66336750968007,19.16213390443403,72.64762694016339,14,refrigerated,T1
E404,19.599868234139922,73.29980689289116,19.637238459439676,73.66443874860788,11,normal,T7
E405,19.32456380952788,73.12188276248007,18.085586137995136,72.82054955545397,5,refrigerated,T3
E406,18.87193052285077,72.61201695350681,18.41681736462354,72.55343326575657,10,refrigerated,T5
E407,18.21702406279828,73.28864858906519,18.826923952583897,72.80563342163323,7,refrigerated,T1
E408,18.767806550889254,72.67073712246369,18.009431712567,72.1900089265466,19,normal,T2
E409,19.696021151650307,73.55081732018321,18.632313680354976,73.52922795311497,11,refrigerated,T1
E410,18.00311363987433,73.23242159489234,19.51623933050261,72.08747648895684,4,refrigerated,T1
E411,19.66424231502377,72.9646025373541,19.462128322360908,72.74995414642399,16,refrigerated,T5
E412,18.23628820602636,73.42791579347079,18.800864563546092,73.25154793681436,19,refrigerated,T1
E413,18.95410811191319,73.26017614718859,19.413809731215665,73.88559578526123,20,refrigerated,T1
E414,19.75032603137168,73.82294902175512,18.713272606412968,73.14242889006997,2,normal,T7
E415,18.24416362974186,73.86999024395227,19.228771246303214,73.77431850336237,10,refrigerated,T1
E416,18.97953749736815,73.50845666944355,19.216923647373154,73.67412057969842,11,refrigerated,T1
E417,18.972538074215358,72.46682213349075,18.875726535517398,72.4481267024088,14,refrigerated,T5
E418,19.487332760904135,73.38445602053169,19.104935133012667,72.51144587993404,15,refrigerated,T1
E419,18.65361157597264,73.2465833372938,18.49662739527425,73.7159679975457,13,refrigerated,T1
E420,18.2187536868352,72.93718349196462,19.9664030083634,73.27024758239556,12,refrigerated,T5
E421,18.136732510667237,72.11506321843211,18.224285522685086,73.73409705409945,3,refrigerated,T5
E422,18.05122836085016,72.82574869923961,18.50533350166165,73.570900866692,14,normal,T0
E423,19.296156942677776,72.23218829987175,18.90183107696863,72.3288756710134,7,refrigerated,T5
E424,19.16889791648134,72.02512794988573,18.684298730794193,73.53356027080466,16,refrigerated,T5
E425,19.388802573220165,73.51467510031382,19.222554693208863,73.5323299661025,20,refrigerated,T1
E426,18.021203204769034,72.40123023127113,18.936233315887154,73.95884640617886,14,refrigerated,T5
E427,18.064880509535733,73.92288498899944,18.990529920753094,73.90651653719097,4,normal,T0
E428,18.94452739237057,72.0802875973247,18.025340024848944,72.82396585172992,20,normal,T2
E429,19.093791993033815,72.51870895201904,19.52490492061276,73.2497452596928,6,refrigerated,T5
E430,19.79973848403991,72.37717889649898,19.381802585519054,73.59100290746775,17,refrigerated,T5
E431,19.078862965526653,72.15925794911587,19.37086600109399,73.60452436043609,4,refrigerated,T5
E432,19.06166438609532,72.02611071500446,19.999841225499246,72.4781247946133,15,normal,T2
E433,19.30099092886478,73.12367330733927,19.737237527337136,72.02468238386449,6,refrigerated,T3
E434,19.995934809128027,73.68605452927403,19.9974382373395,73.32239090637734,14,normal,T7
E435,18.35044493425182,73.43104602764714,19.85301918074179,73.89284403124745,14,normal,T0
E436,18.086822319128746,73.11798214823926,18.899485855972546,72.98950377615381,13,normal,T0
E437,19.251104783669007,72.10091247330105,19.873432636080636,73.30802224335977,5,normal,T4
E438,19.012663688884743,72.01942543985639,19.824121100482632,72.8442983982878,14,refrigerated,T5
E439,18.76318777748614,72.6102337979859,19.255580249426366,72.48829509084102,20,normal,T2
E440,18.084691182999432,72.47773875415106,19.75955065675099,73.66771503633082,18,normal,T2
E441,19.444003786304243,72.44313604012825,19.59564233878173,73.5387844349863,15,refrigerated,T5
E442,18.489986496540425,72.02864445328268,19.78787641012826,73.78798310054295,6,normal,T4
E443,19.592616726081577,73.23964546997921,18.236016945807243,72.01860819031916,16,refrigerated,T5
E444,19.673789092055173,72.57929903805679,19.524598726576166,73.22809778693282,3,refrigerated,T5
E445,19.244002379984106,72.0985100160824,18.95415404349979,72.4293242683907,20,refrigerated,T5
E446,19.03256063490134,73.10269756256353,19.401910773234096,73.36022583863499,15,normal,T0
E447,18.02070803612806,72.98231042360733,19.333160905060463,73.22316628762849,8,normal,T4
E448,19.077802953883385,73.36479218002037,18.12501053865405,72.48112458901564,11,refrigerated,T1
E449,18.910562382648664,73.34067915800638,18.169236971521737,72.21580883872551,20,normal,T2
E450,18.112407241882234,72.38009416019248,18.170404772784554,73.4010228210025,4,refrigerated,T5
E451,18.805928444497912,72.34093742033049,18.762591068509632,73.16800903177223,17,normal,T2
E452,19.9549202441462,73.15914956529569,18.128153124573068,73.6691685241342,4,refrigerated,T3
E453,19.93552199498766,73.71796051894675,19.000942578973405,73.73636839465215,13,normal,T7
E454,18.677350137601472,73.95749174049571,18.75952591057584,73.74347835863391,12,normal,T0
E455,18.851127090364464,72.51821445832877,19.68679707052441,72.68991753961154,8,refrigerated,T5
E456,19.693426345385873,73.59802993394821,19.698177695283217,72.87473227576209,14,refrigerated,T1
E457,18.984020934856716,72.3798407069588,19.928050303205573,72.45658340182156,6,normal,T4
E458,19.730256207453206,73.30841369632641,18.43434963419157,72.52451094440714,17,normal,T7
E459,19.61574930087239,73.817381429646,18.83437611906801,72.74430805743928,13,refrigerated,T1
E460,18.7581555303911,73.94391119401594,19.409309772780308,72.95001050966165,11,normal,T0
E461,18.061950766154464,72.58539754516771,18.101535292666025,73.82295656463864,16,normal,T0
E462,18.221199696220683,72.97438093470313,19.88384123548455,72.7476141015441,7,normal,T4
E463,18.40800004473335,73.49479698038894,19.176736941413086,72.35145718508608,2,normal,T0
E464,18.30050827862837,73.10244303161707,19.872941042401035,72.2609190742709,10,refrigerated,T1
E465,19.64252656923457,72.00087332558991,19.35141440846073,72.39777779947966,8,refrigerated,T5
E466,18.23452238595355,73.93244879215342,18.799207669815495,73.90198338431371,12,refrigerated,T1
E467,19.580263890352647,72.35371810278967,19.04810671497201,73.89170160758397,5,refrigerated,T5
E468,19.51906753732085,72.0536993125108,19.673314360949306,72.20311445462272,16,normal,T2
E469,19.406726954602686,73.34533791729588,19.398234964936176,73.94205855878913,12,refrigerated,T1
E470,18.10974527275965,73.5091433955311,18.85093398376683,73.9600830280343,19,normal,T2
E471,18.528604243793673,73.40798360563063,18.65972604579245,73.80095449270497,10,normal,T0
E472,19.10418602167223,72.41590784062521,19.721198655420718,72.59377694050735,7,normal,T4
E473,18.450298845009264,73.14401933394194,19.935518196189456,72.84525248566496,8,normal,T0
E474,18.50705187843136,72.2152976849852,19.910059424739917,73.81948833237716,8,refrigerated,T5
E475,18.28735500778104,72.56679930789355,19.808323018209528,73.10836552451994,9,refrigerated,T5
E476,19.489032428453623,73.62403130917134,19.571229286514956,73.88080428130456,11,refrigerated,T1
E477,18.4752104254101,72.8655649145985,18.75067305516294,73.3626072243111,10,refrigerated,T5
E478,18.989421122169624,73.12248178376191,19.02725029345285,72.8780430587168,5,normal,T0
E479,19.852472410859455,73.26897099072578,19.84556338568965,73.56008017272683,9,normal,T7
E480,19.147163348926483,72.73967184558285,19.370317134829584,73.02029863851648,7,refrigerated,T5
E481,19.55217586022409,73.58919100176034,19.093656710327117,72.27658750017183,19,refrigerated,T1
E482,19.31301967463999,72.25499738446858,19.753471611721018,73.49298580793295,9,refrigerated,T5
E483,19.60105315936496,72.56340411466871,19.484105087279787,73.51406003401034,14,normal,T2
E484,18.8503039928074,72.93116167879124,18.979158466906295,73.08850804201343,13,refrigerated,T5
E485,19.925306537283177,72.48058559124178,18.372270291255155,73.75908026503326,3,normal,T2
E486,19.52755272344084,73.39400793342843,18.943304868201025,72.65293565171109,10,normal,T7
E487,19.93071262750445,72.0479279591775,19.628620439465852,72.03855189983311,13,refrigerated,T5
E488,18.035321432134673,73.36965822347703,19.438588983523182,72.94907739571998,2,normal,T0
E489,19.738039869776827,72.3624632802774,19.098686934578055,72.82395698727456,4,refrigerated,T5
E490,18.376977245254263,72.48845980934524,18.548992784122095,72.88127916284412,3,normal,T4
E491,19.976665737999596,72.38652524211581,18.34045237683814,73.86759476058616,15,refrigerated,T5
E492,18.367229079210116,73.05854609561072,18.516995238055003,73.72984094308822,12,normal,T0
E493,19.85705755439719,73.45114909996566,19.804946968913903,73.42476026136418,17,normal,T7
E494,18.212370758673206,72.05005246531707,18.5418071186609,72.89977397982716,7,normal,T4
E495,19.803427720434357,72.62586866347533,18.78212825512909,72.92591847123344,12,normal,T2
E496,18.62052287787894,73.15032311178047,18.415746438686114,73.26504941497913,11,normal,T0
E497,18.287382210012087,72.6861186369018,18.388674174185613,73.17451515466894,10,refrigerated,T5
E498,18.06190572885124,72.27581616065135,18.26709761763157,72.37505791329467,5,refrigerated,T5
E499,18.738720593575092,72.77232471820554,19.247365966947296,72.44102006408035,8,normal,T4
E500,18.666543210581587,73.09948690108719,19.605648714655167,73.58903338261199,15,normal,T0
E501,18.460545445015413,73.07501770912799,18.755097246535346,72.66845532831202,5,refrigerated,T3
E502,19.271903396772466,73.45086141784631,19.668661358757518,72.04015737285818,5,normal,T6
E503,19.821000945946427,73.57813392452483,19.96140423808943,72.67086313305884,14,normal,T7
E504,19.665322377573958,73.49951079862998,18.551725969932612,73.04682057423753,15,normal,T7
E505,18.746331962377162,72.64214492288014,18.290402026158365,73.46383973356558,2,refrigerated,T5
E506,19.45607926299719,72.78127749632603,18.94017373757199,72.37479489678525,12,normal,T2
E507,18.584039759606778,73.26098202980359,19.437188737797776,73.0453757170167,18,refrigerated,T1
E508,18.64210656567063,73.21501895564373,18.587714359385224,73.58334246702724,14,refrigerated,T1
E509,18.723606490529384,73.42648362247691,19.888825938855142,72.20234513558425,7,normal,T0
E510,19.300376673509877,73.96564016682107,19.715179536504873,72.64741571276281,2,refrigerated,T1
E511,19.354222654140457,73.64678426982334,18.7134167954089,72.73831863064126,3,refrigerated,T3
E512,18.929441696386007,73.65479326648699,19.51463335677995,72.99138783074832,4,normal,T0
E513,18.38317516894943,72.13032159922709,18.735672200226517,72.44077676064106,10,normal,T4
E514,19.473596457615983,73.71281450561648,18.873854778099233,72.40191364996332,8,normal,T7
E515,18.261185299442417,73.25542100532998,18.27062417567403,72.4234983202769,8,normal,T0
E516,19.82506926702471,72.5030813829836,18.44047899617563,73.68757773425389,10,normal,T2
E517,18.745855246335505,73.34316123376618,19.12906284422993,72.3151254429844,8,refrigerated,T3
E518,18.79405323237917,73.26252863962249,18.062955184335404,72.66368158570704,8,refrigerated,T3
E519,19.132718639705782,72.66771499634257,19.50603795107093,73.62604177960111,2,refrigerated,T5
E520,18.223296330822855,72.75853730474923,18.32098752633946,73.38641436580771,17,refrigerated,T5
E521,19.1451478032486,72.19905779671333,18.237428040309123,73.01181854672811,19,normal,T2
E522,19.40033006756094,73.05786708752578,19.850280405257152,72.41878561581798,5,refrigerated,T3
E523,18.194166136864858,73.7379734132117,19.725080449814964,73.67569644608797,7,refrigerated,T1
E524,18.249650755002037,73.51419170568296,18.46152272751095,73.38332804162731,6,refrigerated,T1
E525,18.479186843930304,72.98035206275121,18.22610585719475,73.51526323881392,12,normal,T0
E526,19.888279426820315,72.38320529590311,18.589324401789774,73.37156917563765,5,normal,T2
E527,18.782485527880468,73.39816812422355,19.537629543411814,73.03238711169531,10,normal,T0
E528,19.43309280120469,72.78928572294363,19.842075473121675,73.97015691748734,20,refrigerated,T5
E529,19.482354309439497,73.79631870310125,18.962677931617044,73.40572437697514,4,normal,T6
E530,18.4684078855444,73.25448111566612,19.414222615287958,73.5916833160887,9,normal,T0
E531,18.978760552354085,73.67095602178584,18.687073506757,73.51123628347659,20,normal,T2
E532,19.121991073111726,73.30204112980057,19.382806723341158,73.0120188250138,2,normal,T0
E533,19.047166621971208,72.55556954567662,18.052482467059573,72.99198237640536,17,refrigerated,T5
E534,19.19651646759256,73.46140994857923,19.18206905070904,73.43530826170633,15,refrigerated,T1
E535,19.47049320156439,73.15008778069193,19.06375895551984,72.77092394155791,9,refrigerated,T3
E536,19.658125892269208,72.18748560829559,18.798139691673036,72.55046421811299,7,refrigerated,T5
E537,19.6691749349778,73.63372021485429,18.5711664906447,73.47969523656353,5,refrigerated,T3
E538,18.09577289131152,72.7263156028715,18.285639906578133,73.30218615962231,6,normal,T4
E539,19.0774330846533,72.51117507508258,19.05392483926716,72.62089468779557,3,refrigerated,T5
E540,19.397036134064063,73.73588382000698,19.341616596468345,72.35454176715423,19,normal,T7
E541,19.416802406683882,73.92712780122042,18.950168021832578,73.28325898486833,2,normal,T6
E542,18.714908486197626,72.85333160598216,19.538564710519076,73.66840411462395,5,normal,T4
E543,19.81378783507654,73.30585081170418,18.880171355312317,73.80149805143701,18,refrigerated,T5
E544,19.384237153440694,72.14632759787239,19.480512076723585,73.36236566428234,8,normal,T2
E545,19.875503338556484,72.62690644293136,18.994967451416912,72.79948743667288,6,normal,T2
E546,18.38932491275008,73.45350866389109,19.809687934755427,72.00819749813304,5,normal,T0
E547,19.584949028918334,72.25827527903799,18.798770182812298,73.17478386334481,11,refrigerated,T5
E548,19.33731020171669,72.50764098649412,19.487760953652693,73.61236248611577,20,refrigerated,T5
E549,19.51187791758503,72.48886259436534,18.01634886480492,72.81219446733604,14,refrigerated,T5
E550,19.623308225546353,73.56355406612771,19.65552342530767,72.0041514860246,18,refrigerated,T1
E551,18.40871497412482,72.97969189368855,18.05438516073195,73.68272201679933,14,normal,T0
E552,19.49694018874807,72.31797737664455,19.387457231152215,73.10494286369,17,normal,T2
E553,18.1541085778473,73.04105485186379,19.481963862928747,73.86787088013456,15,normal,T0
E554,18.832806767073627,72.7372415421644,18.77661076421361,72.400313683185,15,refrigerated,T5
E555,19.906980205988397,73.19139473281723,18.06894138855199,72.8254963299051,5,normal,T7
E556,18.629626447627917,72.51890325669545,18.750249979787178,72.36466171500228,6,normal,T4
E557,19.887318930636564,73.9795941236792,19.75169760248063,73.93027023219145,12,refrigerated,T1
E558,18.457249351436616,72.7688124188043,18.724862359982772,73.14885669091893,16,refrigerated,T5
E559,19.604213919009258,73.53032485300629,18.36275969155005,73.0290887034512,6,refrigerated,T3
E560,18.0021752081399,72.92135532107889,19.433182056701174,72.58555815095666,9,refrigerated,T3
E561,18.261050619204607,73.8799118552609,18.384982504233324,73.32911248890461,19,refrigerated,T1
E562,18.291388616307714,73.10685824687945,18.13683016588055,73.3236862710743,17,normal,T2
E563,19.556293754472435,73.09787926112578,19.195625326110495,73.09782728295556,5,normal,T2
E564,18.56991508475977,72.65876020112054,19.178580393959532,73.05680542106813,20,normal,T2
E565,19.521049199102016,72.59859562472418,19.426894654003803,73.73725232762811,6,normal,T2
E566,19.20074283810583,72.96407842045934,18.77311071357791,72.61400013949219,2,normal,T2
E567,19.016522378745996,72.61815654350772,18.917795130306892,72.68444500931105,3,refrigerated,T5
E568,19.3394676693018,72.54717414681379,19.81542265404534,72.86797905822596,10,refrigerated,T5
E569,18.632808173302898,73.91366277367136,19.838109534330403,72.13157424404106,11,normal,T0
E570,19.675008233385032,72.63021981798445,18.994193693277584,73.0672437841452,5,normal,T2
E571,19.925219898183638,72.04465983288719,18.70873218544206,72.00437345323536,17,refrigerated,T5
E572,18.02575121379435,72.79410003716397,18.35414451822279,72.60102839785642,6,normal,T4
E573,18.433141398023647,73.82817920010358,18.860638374836746,73.24661349971468,19,refrigerated,T1
E574,18.018363649129462,72.33325217071494,19.266427077188848,73.71114313057603,3,refrigerated,T5
E575,18.582764415264435,72.12409277507324,19.411437693968008,73.44656484541385,11,normal,T4
E576,18.359847766217932,73.23341499947331,19.632412921086004,72.11132571295676,14,normal,T0
E577,19.7225523821212,72.19510121108388,18.263850794689898,73.3572063660763,12,refrigerated,T5
E578,18.178666147206606,72.3822866910003,18.038013010272564,73.578568215778,4,normal,T4
E579,18.96235936485213,72.3796465225267,19.02438517528859,72.78960000632078,13,normal,T2
E580,19.294047369434708,73.5450319806279,19.297136674185126,73.06247115060579,4,normal,T6
E581,19.568363412121084,72.23787966779514,18.02175234087832,72.13745683095638,17,normal,T2
E582,19.826241832926936,73.92608098424995,19.294791293786904,73.05876579803505,14,refrigerated,T1
E583,18.166136459995545,72.38941097371854,18.826922148888272,73.773802391481,18,refrigerated,T5
E584,18.46292931357467,73.49874064393367,18.093577094271655,73.1898000953558,4,normal,T0
E585,19.739707093301856,73.6424629995558,18.15565826833847,72.70027768322747,11,normal,T7
E586,19.42037430354175,73.86610308913167,18.955502851111042,73.29883482340087,18,refrigerated,T1
E587,18.143499542327923,72.84212176518741,18.178287711952272,72.0979631066417,19,refrigerated,T5
E588,18.975039511636457,72.23963629828779,19.22556105929185,73.81480161571065,20,normal,T2
E589,19.143903073885603,72.96903933739526,18.44523815508917,72.87066895903905,18,refrigerated,T5
E590,19.80914613132551,72.30184961556424,19.903748563021185,73.83247788817305,6,normal,T2
E591,19.198080927323964,72.54363101514551,18.6969495459166,73.31517733378415,19,normal,T2
E592,19.0391625957897,72.15418610154053,18.561137942759714,72.89448523487508,13,refrigerated,T5
E593,18.899919500715495,72.86985523848115,18.094602840478363,73.38252551324578,5,refrigerated,T3
E594,18.333329423248845,73.63892260072991,18.333812314059294,73.289165183818,13,normal,T0
E595,18.066011662164467,73.37990759550358,19.033943596932545,72.85954434757213,20,normal,T2
E596,18.209995081980093,72.59294853309417,19.66300095530179,72.4907486519977,15,refrigerated,T5
E597,19.543132558184123,72.3328275499824,19.467031768028196,72.01019103551502,9,refrigerated,T5
E598,19.089871522637505,72.65301610702382,19.42413795573681,73.56947289394836,4,refrigerated,T5
E599,19.101964646210224,73.81517941911387,19.447146978096285,72.57497933113136,9,normal,T0
E600,19.816513217212307,72.78742960466687,19.76704978496954,72.96323386652823,9,refrigerated,T5
E601,18.557109971656843,72.0775354804668,18.035528039892082,72.67067833459159,12,refrigerated,T5
E602,18.87898748283176,72.03233195975339,19.393109267065306,73.08446602237989,18,normal,T2
E603,18.913260614904964,73.65140569899667,18.556367982836058,73.99054805934787,20,refrigerated,T1
E604,19.560912075074665,72.95983981232617,19.986377535378978,73.39738313778139,9,normal,T2
E605,19.6427133513481,73.86829805220897,19.76711094147304,72.05751068202018,12,normal,T7
E606,18.418987955330618,73.73019171039599,19.72710394318045,72.69779561358827,11,refrigerated,T1
E607,19.41936474216659,72.33071460760128,18.148374129025644,72.78344571661074,6,normal,T2
E608,19.81742346480617,72.36559349547804,19.288499407370512,72.62154646748333,10,normal,T2
E609,18.791872034837077,72.94945146892549,18.24881247057538,72.08542625818605,20,normal,T2
E610,18.034927256168032,73.81013427787016,19.167812501216858,72.64423702011482,19,refrigerated,T1
E611,18.874169879229786,72.87295779223399,19.745625597332005,73.136376741469,16,refrigerated,T5
E612,18.12292921759989,73.8152490551726,18.325265944868146,73.05944899748589,6,refrigerated,T1
E613,19.390523536441563,73.03507203725891,18.02109232084947,73.94067248876517,6,normal,T2
E614,19.860125855848278,72.73949804770496,18.09556856487002,72.43413943369946,4,normal,T2
E615,18.458949878246678,72.20592899259603,19.768440199953172,72.50555901606093,12,normal,T2
E616,19.068360681131843,72.77298868934876,18.520941465560462,72.04944481088943,10,refrigerated,T5
E617,18.92874059737468,73.2622485017001,19.050267418596654,73.9757408882463,14,normal,T0
E618,19.871521574744193,73.4994959422847,18.994227046026587,72.96784497267377,2,refrigerated,T3
E619,18.667720753048165,72.6928853447927,18.41239252965168,73.43052402887407,6,refrigerated,T5
E620,19.218334301189355,72.39318570757442,18.999057196279633,73.52761897617887,14,normal,T2
E621,18.41050611602457,73.45091662360048,18.595060242886944,72.7246647484351,7,normal,T0
E622,18.21728138300449,73.23006414761055,18.95377835755762,72.0644758408073,20,normal,T2
E623,19.439876400348307,73.84280161478152,19.630573285012762,72.14498947080219,12,normal,T7
E624,19.852526012853065,73.49185556759106,18.313506893593853,73.12199531241164,2,refrigerated,T3
E625,18.668257417340296,73.22655826891878,18.39475433572101,72.30837455914953,16,normal,T0
E626,19.287971901668403,73.58510015835785,19.53617698301377,73.77668044703128,14,normal,T0
E627,18.831235295299475,73.21683595047874,19.74597537556475,73.49137668711467,18,refrigerated,T1
E628,18.535555967721756,73.29143178584002,18.25353327274251,73.74135884013953,18,normal,T2
E629,18.84095643399685,73.1744543712147,18.87368102011479,72.32510497401043,12,refrigerated,T1
E630,18.432583185579762,73.11164885057839,19.231865279021505,72.29759214662569,6,refrigerated,T3
E631,18.589441438121767,72.78236656561138,18.960420314064347,72.95019244461807,12,refrigerated,T5
E632,19.705771342924734,73.20907413284617,18.02067699649926,72.40219167461821,19,normal,T7
E633,19.341018416266735,72.94929106492349,18.255670362355477,73.9751051380344,7,normal,T2
E634,19.21139551283741,73.10284957301413,19.66788096248226,73.0276692983237,13,normal,T2
E635,18.806388480369144,73.88121410943279,18.35236320884325,72.42644003184728,2,normal,T0
E636,18.59009622013159,73.32958517158076,18.331159729941064,72.40261536501784,14,normal,T0
E637,18.676098934038706,73.23085040402336,18.79026472761136,72.77442948991335,2,normal,T0
E638,19.374791229405325,73.37636130247688,19.61982017543111,73.92461666935161,18,refrigerated,T1
E639,19.72168177761387,72.2301766630093,18.450014563976747,73.94271964764047,7,refrigerated,T5
E640,19.038598990798004,73.07675721309727,18.709438621351705,72.47301028380627,17,normal,T2
E641,18.00793759155906,72.58273931421527,19.925972495818563,72.64487980530295,15,normal,T0
E642,18.424337965013247,73.4128559732862,19.868928265757187,72.63041370083377,2,normal,T0
E643,18.965848471103083,73.85552816038991,18.915033394997085,72.5459840673542,2,refrigerated,T1
E644,18.45266913884569,73.96115404114983,19.119580886778355,72.3612027000712,7,normal,T0
E645,19.19235634760464,72.80005236438453,18.79667605952676,72.38110312491088,4,normal,T2
E646,19.786200118627743,73.67124173947728,19.103781743739845,72.85443526771826,6,refrigerated,T3
E647,19.561838630101096,73.60773850087534,19.406724227920567,72.83389149468867,18,refrigerated,T1
E648,19.812651429101123,72.26179528350383,18.009083900627683,73.49797647399787,19,normal,T2
E649,19.587509647214734,73.8683753779552,19.84623539712601,72.8667509569873,14,normal,T7
E650,18.04930406962653,73.14955223609608,19.543555516092145,72.51275836469527,7,normal,T4
E651,18.325512395545143,73.2037155716275,19.83042714162968,73.04720659560529,16,normal,T0
E652,19.968483970038424,72.84454978910145,18.19063145593372,72.84847141105588,12,refrigerated,T5
E653,18.161708392990835,73.11355282661395,19.67588346265025,72.87605357698621,6,refrigerated,T3
E654,18.907701001578562,73.0981453998963,18.543231123229184,73.76745256223364,19,normal,T2
E655,18.521565769103514,73.52368128937344,18.371932665003442,73.05924651224792,15,normal,T0
E656,18.5286357003237,73.75959356800341,19.845375582140026,72.18874099028541,9,refrigerated,T1
E657,18.81903390207917,72.67250713697156,18.39422760176929,72.97247820465248,14,normal,T2
E658,18.511384538593855,72.21048824548527,18.41279710471743,72.39145021311953,2,normal,T4
E659,18.39257358753733,72.9276872416226,18.851617814129735,72.90571811464841,20,refrigerated,T5
E660,18.02368820494171,72.8470895236591,18.637085584203756,73.27246095491459,8,refrigerated,T3
E661,18.04044613572548,73.05622356184699,18.91004879256866,72.53565920981087,19,normal,T2
E662,19.93438204036386,73.82482738398923,18.621847079391348,73.59474428116287,11,normal,T7
E663,19.358953078422775,72.98092240610202,19.273210452595,73.35911722204425,19,refrigerated,T5
E664,18.44827756793649,72.16527333868862,19.677287317825837,72.05552621738477,11,refrigerated,T5
E665,18.14347441183578,72.8094828692532,19.168020974678605,73.30895112177427,7,normal,T4
E666,19.76354148911225,72.60579144106036,19.305139034604167,72.33740158909265,5,refrigerated,T5
E667,19.399381546704426,72.78526399536472,18.54852187066749,72.15059582160772,8,normal,T2
E668,18.391537479629772,73.02568418321188,18.359038366012054,73.2628335038711,17,refrigerated,T5
E669,19.671786589896406,73.2179967861414,18.81055520606874,72.22053061205011,8,refrigerated,T3
E670,19.31763761212185,73.99776337827426,19.635943427756064,73.01583267760418,8,refrigerated,T1
E671,18.882386215334456,72.69768660078599,19.165086828952145,72.61006716245353,10,normal,T4
E672,18.094860402749738,72.74049013242477,19.73825250954643,72.1016189218616,12,refrigerated,T5
E673,19.910891277893057,72.48625939848674,19.61815439778476,73.23901478118695,12,normal,T2
E674,19.993058563789052,73.83772947187681,19.679940249944167,72.72413297919738,7,refrigerated,T3
E675,18.375338962896524,72.04827450185047,19.653664395406906,72.97271458510662,5,refrigerated,T5
E676,19.097257304551803,73.50303265299897,19.160108946085593,73.9612401901259,14,refrigerated,T1
E677,18.7787860809686,72.25328699008332,19.850491104394486,73.01839715326633,11,normal,T4
E678,19.685068704815933,72.5347956384328,19.102161351876223,73.72446459714527,15,normal,T2
E679,18.335805386518963,73.00804324438549,18.148605380973237,73.32525905973701,12,normal,T0
E680,19.92377541472058,73.57574598554618,18.615131345240822,73.6224613965297,20,normal,T7
E681,19.8524950972724,72.94300191454246,19.87967647462031,73.04111364983511,9,normal,T2
E682,19.92224511012356,72.6633590751182,18.282211606674988,72.04524079563471,13,refrigerated,T5
E683,19.946272670276272,73.69382738410049,19.04178421851969,73.9696078420806,6,normal,T7
E684,18.117207085487586,72.36611205083767,19.566934129536754,73.51204424093572,9,normal,T4
E685,18.494906147618597,72.29661107371138,19.948949031023005,72.88687351847574,6,refrigerated,T5
E686,19.718423842333365,72.08612262383865,18.834850628682503,72.56873946744162,4,refrigerated,T5
E687,18.626510664952193,72.91577640800679,18.042084225404416,73.97533875258614,9,refrigerated,T3
E688,18.00794620687533,73.0353383686384,19.931662783564768,73.50848848145039,7,normal,T4
E689,18.68014525219637,73.43358254748283,19.85038792483886,73.3012763819846,6,refrigerated,T3
E690,19.197631275811343,73.06476568228635,18.56726460990703,73.82763554467991,7,normal,T2
E691,19.365456949118688,73.20069013529817,19.06133490906838,72.94972563445783,12,refrigerated,T5
E692,18.274878917918343,73.45379201834515,18.347938573693554,73.82368188388517,17,refrigerated,T1
E693,18.671562447818886,72.249223078523,19.31071717980822,73.32058992797869,18,normal,T2
E694,18.86908404085094,72.64702353048757,18.69894033171528,72.6792532816671,15,normal,T2
E695,18.622200681269533,72.01726536724091,18.006069630928966,72.23703345058429,11,refrigerated,T5
E696,18.840601618342514,73.8246779191707,19.995402507923433,72.50161787837197,16,normal,T0
E697,18.291605234020878,73.96806526045752,18.501575203184608,73.87859171305806,19,normal,T2
E698,18.221698783138695,73.57648087673556,19.740594878107316,73.6859758322384,12,normal,T0
E699,18.27288016503393,72.439287126694,19.72560421089479,72.08462850432161,20,refrigerated,T5
E700,19.69624290677767,72.03854758412207,19.539353684081703,72.56858959137202,15,refrigerated,T5
E701,19.466039931974475,72.23043992240203,19.088186538145834,73.68061504689439,8,normal,T2
E702,18.529111349980745,73.81304304398263,19.574877971573653,73.9821121012889,15,refrigerated,T1
E703,18.415825708831612,72.62050582088452,19.261180087866556,72.61401857773143,18,refrigerated,T5
E704,18.725850128340223,72.61392320788997,19.95247450805696,73.52351278306344,16,normal,T2
E705,18.81432503175379,73.96668907820364,18.674614274725567,73.82737556446583,3,refrigerated,T1
E706,18.116936754474747,73.84762323774811,19.196662759464097,73.522323428188,19,normal,T2
E707,18.256994121543485,73.73507526933672,18.2745112113579,73.94845540803293,8,normal,T0
E708,18.02574727123698,72.88458218775823,19.592847878772616,72.72670901312374,18,normal,T2
E709,19.442949244882993,72.01034057728978,19.799244071031328,73.67886559997169,8,normal,T2
E710,18.578344237832173,73.88641390508835,19.101268483723892,72.89888098945423,4,refrigerated,T1
E711,18.06825838402511,73.06783118263004,18.228255554156163,73.3525125348301,14,refrigerated,T1
E712,19.906961327333196,73.60084135376883,19.57323978916201,72.99527633954912,6,normal,T7
E713,18.997604803677117,73.17866924499981,19.275821164988113,73.70174900151827,11,normal,T0
E714,18.701429124243976,72.29520946837023,18.647457185197958,72.6899448660184,20,refrigerated,T5
E715,18.804948257273228,72.93245078420102,18.221964554870908,72.28018494427121,10,normal,T4
E716,18.343614733930945,73.68596551285825,19.00414608626773,72.27921118699783,17,normal,T2
E717,18.735049705808866,73.7051719731587,18.964888885683465,73.42512893984404,20,normal,T2
E718,19.71306239280138,72.44833945172726,19.34222882876021,73.13553270134454,9,refrigerated,T5
E719,19.497249558396216,73.84028110854247,18.82842606413943,73.32325353787981,7,refrigerated,T3
E720,19.19171154457389,73.34686232129184,19.644006445072243,72.00144236496243,7,refrigerated,T3
E721,19.546626728188514,72.1906481041958,18.476048999905853,73.9445221640277,18,refrigerated,T5
E722,18.256251101433783,73.24248842825699,18.316614920148286,72.92109444810373,19,refrigerated,T1
E723,18.535444851461307,73.04194485607854,19.996382708994883,72.4799856673905,14,refrigerated,T5
E724,18.061519798212554,73.01686129620461,18.707827452195733,73.42843749826417,2,refrigerated,T3
E725,19.228099568454805,72.91220904343076,19.606342631481247,72.71155872977414,11,normal,T2
E726,18.07072048648902,73.06385859715638,19.826237858488575,73.98078305821943,17,normal,T2
E727,18.553246408007404,73.59080983812406,19.685203092316122,73.43966236470885,19,refrigerated,T1
E728,19.943405538323677,72.21717417785742,19.103791122548554,72.70894579143894,16,normal,T2
E729,18.328950636292692,73.21988010586004,18.211179639848375,72.13519903868074,8,normal,T0
E730,18.511441840091702,72.66043316343219,19.870423614420194,72.1436135081118,5,refrigerated,T5
E731,18.807618518432804,72.32352701600865,18.33527172044593,73.6339936292963,8,normal,T4
E732,18.317468639560882,73.89844541347698,18.4990030715926,73.08648427790375,9,refrigerated,T1
E733,18.917702033316786,72.06088494753735,19.15315886099455,73.17839887564347,12,normal,T2
E734,19.328477647711097,72.36457960574273,18.71535330703725,72.87081492705366,18,normal,T2
E735,19.06256495099202,73.05681207997065,19.498404409250853,72.09796651581716,18,refrigerated,T5
E736,19.119488829745897,72.15871348626838,18.89366121584524,73.83410878543282,6,normal,T4
E737,18.52677742376127,73.29405617184892,18.42441263376927,72.80556693946701,6,refrigerated,T3
E738,19.323487229629666,73.70304873320957,18.92983569579533,73.6650264988824,10,refrigerated,T1
E739,19.545129363335935,72.37122795324352,19.374729272865448,72.88698177538454,20,normal,T2
E740,19.145181627498488,73.02126673287479,18.393418963418384,73.34917562091712,9,refrigerated,T3
E741,18.37976785800921,73.40776738434295,18.984635839681367,72.7456728961718,16,refrigerated,T1
E742,19.74702025365791,73.92737501080548,18.81636250695127,73.04209548897181,20,refrigerated,T1
E743,18.282716250211635,72.57768949537451,19.164272646206932,73.65187008169248,20,refrigerated,T5
E744,19.921981265457376,73.98899714790213,19.48062523433183,72.61760948031515,20,normal,T7
E745,19.37291623490934,73.28238260847974,19.606174964821406,72.37681067681011,18,normal,T2
E746,18.205421578237825,73.08918430206508,19.983866812498203,72.91297496108884,8,refrigerated,T3
E747,19.379403134555652,73.07542373057201,19.63684053084441,72.57167076043389,20,normal,T2
E748,18.917546046771495,73.32284344554347,18.356724776954422,72.18075755439399,4,refrigerated,T3
E749,18.702133477764843,73.5454690960699,18.549261872538345,72.20874942051108,3,refrigerated,T1
E750,18.21151357129498,72.64484602303524,19.99501157341252,73.0908058195269,6,refrigerated,T5
E751,19.610673885783896,72.16294311761312,18.78368917549339,72.39906649289776,16,refrigerated,T5
E752,19.80570902818321,72.45764535167051,18.42522401511546,73.64153048962677,13,normal,T2
E753,18.818698454463778,73.45924945696696,19.175332304212304,73.38054060846747,12,refrigerated,T1
E754,19.94619234123405,72.37127578964939,19.225068814212236,73.30189913002235,18,refrigerated,T5
E755,19.70274142032066,73.64872290945812,19.485651116981515,72.94302258332316,20,refrigerated,T1
E756,18.402818679104577,73.96220568959681,19.711526958503484,72.34442160758309,3,normal,T0
E757,18.11077476493927,73.80399625637152,18.799030040688443,73.02116768645185,12,refrigerated,T1
E758,18.463843804808572,73.85694456978243,19.349755211221122,73.59761431898461,18,refrigerated,T1
E759,18.341977231765476,72.7161081971552,19.23605634659049,73.48706151422279,2,refrigerated,T5
E760,18.37350847296597,73.18364769428746,18.074266254700014,72.87526140376329,8,normal,T0
E761,19.86887518989998,72.61308517897373,18.908271949774043,72.0216051100512,20,normal,T2
E762,18.976091785081213,72.86298698596057,19.933028074287723,72.78785001849674,20,refrigerated,T5
E763,18.496646730330376,73.82221689723173,19.16442578774925,73.1532430863009,16,normal,T0
E764,19.25815814820605,72.91280311228626,18.105755467706622,72.28561517169456,20,normal,T2
E765,18.536603731698897,72.87234090562585,19.83442466950292,73.28806758234987,5,refrigerated,T3
E766,18.556274363400185,73.74293148041734,19.155361548658348,72.092078750551,13,refrigerated,T1
E767,18.866556376234396,72.54793312709191,18.265935845917692,73.70292912909704,11,refrigerated,T5
E768,19.017666186815113,72.71168875616739,19.079525804990666,73.42852456805609,11,normal,T4
E769,18.761184996801322,73.36721936712276,18.8302952217445,72.06817822338863,4,refrigerated,T3
E770,18.861567717279705,73.1240501762112,18.638211930651888,73.3281770676993,11,refrigerated,T5
E771,19.282800464927245,72.12611125276963,19.178434065995027,73.60658976050496,13,refrigerated,T5
E772,19.163293932029063,72.14722276763405,18.1726716832231,73.06067125104445,14,normal,T2
E773,19.476751826602722,72.55679107360552,18.02480822813291,73.27011915468081,7,normal,T2
E774,19.195823443136934,73.15601242344533,18.968717394706736,72.19865056244556,13,refrigerated,T5
E775,19.394399875042943,73.48468813359882,18.62830519033758,72.75354285699825,6,refrigerated,T3
E776,18.41699881449679,72.06345437684755,19.5092424355853,72.76069140423179,9,normal,T4
E777,18.947125087772058,73.94426899838423,18.514084896832443,73.89398854590392,9,refrigerated,T1
E778,19.53948003839711,73.65457892023976,19.017621224354087,73.56910928989697,14,refrigerated,T1
E779,18.83106959455932,73.22942446734189,19.02101635073627,72.33923085522288,15,normal,T0
E780,19.544055118621763,73.53452010336608,19.03960767484931,73.51597086083166,3,refrigerated,T3
E781,18.671293079363185,73.47990580517165,19.67198473210532,72.42163268420924,10,refrigerated,T1
E782,19.54881067192547,72.55433387534714,19.498769265525766,73.514268847908,13,normal,T2
E783,19.577283268374327,72.6567748916405,18.089118211990094,72.60274878094089,12,refrigerated,T5
E784,18.105785682029627,73.3351867676059,19.376552399075244,73.9072802833938,9,normal,T0
E785,19.255762899955855,73.2559192404482,18.184983931388437,72.29271939957944,18,refrigerated,T5
E786,19.634951848259927,72.95227222770443,19.4900531960239,73.39035240190769,9,refrigerated,T3
E787,18.61656735674951,73.71683178374371,18.246852518455164,73.67751196235976,15,normal,T0
E788,19.485310929188458,72.20304552527469,19.710821579673034,73.38920342743504,9,refrigerated,T5
E789,19.256701843619748,73.13374448451293,19.362748269343747,72.5545218991157,17,refrigerated,T5
E790,19.814910836461983,73.59513277974855,19.55776536797548,72.83267180903864,15,refrigerated,T1
E791,19.621033631770946,73.90286994657401,18.56045344832516,73.2012740497711,13,normal,T7
E792,19.54260315855354,72.2288602138999,18.11153696866294,73.1995952554516,4,normal,T2
E793,18.060947911846817,73.1015478097699,18.547473910343186,72.73082974814305,13,normal,T0
E794,19.83190637564959,73.577464392546,18.64494941743815,73.70480782790551,13,refrigerated,T1
E795,18.13606859294712,73.7297416597319,19.503163463675428,73.08057710698827,19,refrigerated,T1
E796,19.336320625048714,73.01402359579998,18.7200302543922,72.09810600995215,4,refrigerated,T3
E797,18.7508435808853,73.46811405547555,18.139650709730343,73.48499855450012,20,normal,T2
E798,19.620993798162427,73.2762277756917,18.268206246594673,72.79529307299275,16,normal,T7
E799,19.60092232165902,72.44306148271997,18.931851045006862,72.8482687755168,6,refrigerated,T5
